timestamp,date,hour,day_of_week,month,order_code,product_id,product_name,category_id,category_name,quantity,unit_price,total_revenue,customer_name
2026-09-26 03:44:22,2026-09-26,3,5,9,GVN-26092603-361,5,"CPU Intel Core i5 14400F (Up to 4.7GHz, 10 Cores 16 Threads, 20MB Cache, LGA 1700)",5,Công nghệ,2,4890000.0,9780000.0,Khách Hàng GearVN
2026-09-26 03:44:22,2026-09-26,3,5,9,GVN-26092603-477,5,"CPU Intel Core i5 14400F (Up to 4.7GHz, 10 Cores 16 Threads, 20MB Cache, LGA 1700)",5,Công nghệ,1,4890000.0,4890000.0,Khách Hàng GearVN
2026-09-26 03:44:22,2026-09-26,3,5,9,GVN-26092603-409,14,Chuột Gaming không dây Logitech G Pro X Superlight 2 Wireless Black (HERO 2 Sensor / 60g / 32.000 DPI),14,Công nghệ,1,3290000.0,3290000.0,Khách Hàng GearVN
2026-09-26 03:44:22,2026-09-26,3,5,9,GVN-26092603-285,7,"Mainboard ASUS TUF GAMING B760-PLUS WIFI DDR5 (LGA 1700, ATX, PCIe 5.0)",6,Công nghệ,1,4390000.0,4390000.0,Khách Hàng GearVN
2026-09-26 04:44:22,2026-09-26,4,5,9,GVN-26092604-142,7,"Mainboard ASUS TUF GAMING B760-PLUS WIFI DDR5 (LGA 1700, ATX, PCIe 5.0)",6,Công nghệ,2,4390000.0,8780000.0,Khách Hàng GearVN
2026-09-26 04:44:22,2026-09-26,4,5,9,GVN-26092604-423,1,Laptop Gaming ASUS ROG Strix G16 G614JVR-N4011W (i9-14900HX / RTX 4080 12GB / 32GB RAM / 1TB SSD / 16' 2.5K 240Hz),1,Công nghệ,1,64990000.0,64990000.0,Khách Hàng GearVN
2026-09-26 04:44:22,2026-09-26,4,5,9,GVN-26092604-881,12,Màn hình Gaming ASUS TUF VG27AQ3A 27' 2K IPS 180Hz 1ms G-Sync,12,Công nghệ,1,5990000.0,5990000.0,Khách Hàng GearVN
2026-09-26 05:44:22,2026-09-26,5,5,9,GVN-26092605-162,9,RAM Corsair Vengeance RGB 32GB (2x16GB) DDR5 6000MHz Black,7,Công nghệ,1,2990000.0,2990000.0,Khách Hàng GearVN
2026-09-26 05:44:22,2026-09-26,5,5,9,GVN-26092605-638,5,"CPU Intel Core i5 14400F (Up to 4.7GHz, 10 Cores 16 Threads, 20MB Cache, LGA 1700)",5,Công nghệ,2,4890000.0,9780000.0,Khách Hàng GearVN
2026-09-26 05:44:22,2026-09-26,5,5,9,GVN-26092605-726,1,Laptop Gaming ASUS ROG Strix G16 G614JVR-N4011W (i9-14900HX / RTX 4080 12GB / 32GB RAM / 1TB SSD / 16' 2.5K 240Hz),1,Công nghệ,2,64990000.0,129980000.0,Khách Hàng GearVN
2026-09-26 05:44:22,2026-09-26,5,5,9,GVN-26092605-648,8,"Mainboard MSI MAG B650 TOMAHAWK WIFI (Socket AM5, ATX, DDR5)",6,Công nghệ,2,5690000.0,11380000.0,Khách Hàng GearVN
2026-09-26 06:44:22,2026-09-26,6,5,9,GVN-26092606-587,8,"Mainboard MSI MAG B650 TOMAHAWK WIFI (Socket AM5, ATX, DDR5)",6,Công nghệ,2,5690000.0,11380000.0,Khách Hàng GearVN
2026-09-26 06:44:22,2026-09-26,6,5,9,GVN-26092606-535,11,Nguồn máy tính Corsair RM750e 750W 80 Plus Gold - Full Modular (ATX 3.0 / PCIe 5.0),9,Công nghệ,2,2690000.0,5380000.0,Khách Hàng GearVN
2026-09-26 06:44:22,2026-09-26,6,5,9,GVN-26092606-328,7,"Mainboard ASUS TUF GAMING B760-PLUS WIFI DDR5 (LGA 1700, ATX, PCIe 5.0)",6,Công nghệ,1,4390000.0,4390000.0,Khách Hàng GearVN
2026-09-26 06:44:22,2026-09-26,6,5,9,GVN-26092606-248,13,Bàn phím cơ không dây AKKO 5075B Plus Dracula Castle (Multi-modes / Gasket mount / Hot-swap),13,Công nghệ,1,1890000.0,1890000.0,Khách Hàng GearVN
2026-09-26 07:44:22,2026-09-26,7,5,9,GVN-26092607-900,6,"CPU AMD Ryzen 7 7800X3D (Up to 5.0GHz, 8 Cores 16 Threads, 104MB Cache, AM5)",5,Công nghệ,2,10490000.0,20980000.0,Khách Hàng GearVN
2026-09-26 07:44:22,2026-09-26,7,5,9,GVN-26092607-594,7,"Mainboard ASUS TUF GAMING B760-PLUS WIFI DDR5 (LGA 1700, ATX, PCIe 5.0)",6,Công nghệ,1,4390000.0,4390000.0,Khách Hàng GearVN
2026-09-26 07:44:22,2026-09-26,7,5,9,GVN-26092607-739,14,Chuột Gaming không dây Logitech G Pro X Superlight 2 Wireless Black (HERO 2 Sensor / 60g / 32.000 DPI),14,Công nghệ,1,3290000.0,3290000.0,Khách Hàng GearVN
2026-09-26 08:44:22,2026-09-26,8,5,9,GVN-26092608-364,1,Laptop Gaming ASUS ROG Strix G16 G614JVR-N4011W (i9-14900HX / RTX 4080 12GB / 32GB RAM / 1TB SSD / 16' 2.5K 240Hz),1,Công nghệ,1,64990000.0,64990000.0,Khách Hàng GearVN
2026-09-26 09:44:22,2026-09-26,9,5,9,GVN-26092609-227,7,"Mainboard ASUS TUF GAMING B760-PLUS WIFI DDR5 (LGA 1700, ATX, PCIe 5.0)",6,Công nghệ,1,4390000.0,4390000.0,Khách Hàng GearVN
2026-09-26 09:44:22,2026-09-26,9,5,9,GVN-26092609-482,7,"Mainboard ASUS TUF GAMING B760-PLUS WIFI DDR5 (LGA 1700, ATX, PCIe 5.0)",6,Công nghệ,2,4390000.0,8780000.0,Khách Hàng GearVN
2026-09-26 10:44:22,2026-09-26,10,5,9,GVN-26092610-214,1,Laptop Gaming ASUS ROG Strix G16 G614JVR-N4011W (i9-14900HX / RTX 4080 12GB / 32GB RAM / 1TB SSD / 16' 2.5K 240Hz),1,Công nghệ,1,64990000.0,64990000.0,Khách Hàng GearVN
2026-09-26 10:44:22,2026-09-26,10,5,9,GVN-26092610-994,5,"CPU Intel Core i5 14400F (Up to 4.7GHz, 10 Cores 16 Threads, 20MB Cache, LGA 1700)",5,Công nghệ,1,4890000.0,4890000.0,Khách Hàng GearVN
2026-09-26 10:44:22,2026-09-26,10,5,9,GVN-26092610-698,3,Laptop ASUS Zenbook 14 OLED UX3405MA (Intel Core Ultra 7 155H / Intel Arc Graphics / 32GB RAM / 1TB SSD / 14' 3K 120Hz OLED),2,Công nghệ,2,31990000.0,63980000.0,Khách Hàng GearVN
2026-09-26 10:44:22,2026-09-26,10,5,9,GVN-26092610-695,7,"Mainboard ASUS TUF GAMING B760-PLUS WIFI DDR5 (LGA 1700, ATX, PCIe 5.0)",6,Công nghệ,1,4390000.0,4390000.0,Khách Hàng GearVN
2026-09-26 11:44:22,2026-09-26,11,5,9,GVN-26092611-603,13,Bàn phím cơ không dây AKKO 5075B Plus Dracula Castle (Multi-modes / Gasket mount / Hot-swap),13,Công nghệ,2,1890000.0,3780000.0,Khách Hàng GearVN
2026-09-26 11:44:22,2026-09-26,11,5,9,GVN-26092611-654,13,Bàn phím cơ không dây AKKO 5075B Plus Dracula Castle (Multi-modes / Gasket mount / Hot-swap),13,Công nghệ,1,1890000.0,1890000.0,Khách Hàng GearVN
2026-09-26 11:44:22,2026-09-26,11,5,9,GVN-26092611-498,6,"CPU AMD Ryzen 7 7800X3D (Up to 5.0GHz, 8 Cores 16 Threads, 104MB Cache, AM5)",5,Công nghệ,1,10490000.0,10490000.0,Khách Hàng GearVN
2026-09-26 12:44:22,2026-09-26,12,5,9,GVN-26092612-455,6,"CPU AMD Ryzen 7 7800X3D (Up to 5.0GHz, 8 Cores 16 Threads, 104MB Cache, AM5)",5,Công nghệ,1,10490000.0,10490000.0,Khách Hàng GearVN
2026-09-26 12:44:22,2026-09-26,12,5,9,GVN-26092612-185,14,Chuột Gaming không dây Logitech G Pro X Superlight 2 Wireless Black (HERO 2 Sensor / 60g / 32.000 DPI),14,Công nghệ,2,3290000.0,6580000.0,Khách Hàng GearVN
2026-09-26 12:44:22,2026-09-26,12,5,9,GVN-26092612-932,12,Màn hình Gaming ASUS TUF VG27AQ3A 27' 2K IPS 180Hz 1ms G-Sync,12,Công nghệ,1,5990000.0,5990000.0,Khách Hàng GearVN
2026-09-26 12:44:22,2026-09-26,12,5,9,GVN-26092612-274,12,Màn hình Gaming ASUS TUF VG27AQ3A 27' 2K IPS 180Hz 1ms G-Sync,12,Công nghệ,1,5990000.0,5990000.0,Khách Hàng GearVN
2026-09-26 12:44:22,2026-09-26,12,5,9,GVN-26092612-668,1,Laptop Gaming ASUS ROG Strix G16 G614JVR-N4011W (i9-14900HX / RTX 4080 12GB / 32GB RAM / 1TB SSD / 16' 2.5K 240Hz),1,Công nghệ,2,64990000.0,129980000.0,Khách Hàng GearVN
2026-09-26 12:44:22,2026-09-26,12,5,9,GVN-26092612-826,2,Laptop Gaming Acer Nitro V 15 ANV15-51-57B2 (i5-13420H / RTX 4050 6GB / 16GB RAM / 512GB SSD / 15.6' FHD 144Hz),1,Công nghệ,1,20990000.0,20990000.0,Khách Hàng GearVN
2026-09-26 12:44:22,2026-09-26,12,5,9,GVN-26092612-302,14,Chuột Gaming không dây Logitech G Pro X Superlight 2 Wireless Black (HERO 2 Sensor / 60g / 32.000 DPI),14,Công nghệ,1,3290000.0,3290000.0,Khách Hàng GearVN
2026-09-26 12:44:22,2026-09-26,12,5,9,GVN-26092612-129,4,PC G-Studio Intel Core i5-14400F / RTX 4060 8GB / 16GB DDR5 / 500GB NVMe / Nguồn 650W,3,Công nghệ,1,19990000.0,19990000.0,Khách Hàng GearVN
2026-09-26 12:44:22,2026-09-26,12,5,9,GVN-26092612-763,4,PC G-Studio Intel Core i5-14400F / RTX 4060 8GB / 16GB DDR5 / 500GB NVMe / Nguồn 650W,3,Công nghệ,1,19990000.0,19990000.0,Khách Hàng GearVN
2026-09-26 12:44:22,2026-09-26,12,5,9,GVN-26092612-688,5,"CPU Intel Core i5 14400F (Up to 4.7GHz, 10 Cores 16 Threads, 20MB Cache, LGA 1700)",5,Công nghệ,1,4890000.0,4890000.0,Khách Hàng GearVN
2026-09-26 12:44:22,2026-09-26,12,5,9,GVN-26092612-631,13,Bàn phím cơ không dây AKKO 5075B Plus Dracula Castle (Multi-modes / Gasket mount / Hot-swap),13,Công nghệ,1,1890000.0,1890000.0,Khách Hàng GearVN
2026-09-26 12:44:22,2026-09-26,12,5,9,GVN-26092612-789,7,"Mainboard ASUS TUF GAMING B760-PLUS WIFI DDR5 (LGA 1700, ATX, PCIe 5.0)",6,Công nghệ,1,4390000.0,4390000.0,Khách Hàng GearVN
2026-09-26 13:44:22,2026-09-26,13,5,9,GVN-26092613-986,14,Chuột Gaming không dây Logitech G Pro X Superlight 2 Wireless Black (HERO 2 Sensor / 60g / 32.000 DPI),14,Công nghệ,1,3290000.0,3290000.0,Khách Hàng GearVN
2026-09-26 13:44:22,2026-09-26,13,5,9,GVN-26092613-808,4,PC G-Studio Intel Core i5-14400F / RTX 4060 8GB / 16GB DDR5 / 500GB NVMe / Nguồn 650W,3,Công nghệ,1,19990000.0,19990000.0,Khách Hàng GearVN
2026-09-26 14:44:22,2026-09-26,14,5,9,GVN-26092614-811,2,Laptop Gaming Acer Nitro V 15 ANV15-51-57B2 (i5-13420H / RTX 4050 6GB / 16GB RAM / 512GB SSD / 15.6' FHD 144Hz),1,Công nghệ,1,20990000.0,20990000.0,Khách Hàng GearVN
2026-09-26 14:44:22,2026-09-26,14,5,9,GVN-26092614-461,4,PC G-Studio Intel Core i5-14400F / RTX 4060 8GB / 16GB DDR5 / 500GB NVMe / Nguồn 650W,3,Công nghệ,1,19990000.0,19990000.0,Khách Hàng GearVN
2026-09-26 15:44:22,2026-09-26,15,5,9,GVN-26092615-736,2,Laptop Gaming Acer Nitro V 15 ANV15-51-57B2 (i5-13420H / RTX 4050 6GB / 16GB RAM / 512GB SSD / 15.6' FHD 144Hz),1,Công nghệ,1,20990000.0,20990000.0,Khách Hàng GearVN
2026-09-26 15:44:22,2026-09-26,15,5,9,GVN-26092615-509,1,Laptop Gaming ASUS ROG Strix G16 G614JVR-N4011W (i9-14900HX / RTX 4080 12GB / 32GB RAM / 1TB SSD / 16' 2.5K 240Hz),1,Công nghệ,2,64990000.0,129980000.0,Khách Hàng GearVN
2026-09-26 16:44:22,2026-09-26,16,5,9,GVN-26092616-876,6,"CPU AMD Ryzen 7 7800X3D (Up to 5.0GHz, 8 Cores 16 Threads, 104MB Cache, AM5)",5,Công nghệ,1,10490000.0,10490000.0,Khách Hàng GearVN
2026-09-26 16:44:22,2026-09-26,16,5,9,GVN-26092616-380,14,Chuột Gaming không dây Logitech G Pro X Superlight 2 Wireless Black (HERO 2 Sensor / 60g / 32.000 DPI),14,Công nghệ,2,3290000.0,6580000.0,Khách Hàng GearVN
2026-09-26 16:44:22,2026-09-26,16,5,9,GVN-26092616-256,11,Nguồn máy tính Corsair RM750e 750W 80 Plus Gold - Full Modular (ATX 3.0 / PCIe 5.0),9,Công nghệ,1,2690000.0,2690000.0,Khách Hàng GearVN
2026-09-26 16:44:22,2026-09-26,16,5,9,GVN-26092616-867,3,Laptop ASUS Zenbook 14 OLED UX3405MA (Intel Core Ultra 7 155H / Intel Arc Graphics / 32GB RAM / 1TB SSD / 14' 3K 120Hz OLED),2,Công nghệ,1,31990000.0,31990000.0,Khách Hàng GearVN
2026-09-26 17:44:22,2026-09-26,17,5,9,GVN-26092617-597,14,Chuột Gaming không dây Logitech G Pro X Superlight 2 Wireless Black (HERO 2 Sensor / 60g / 32.000 DPI),14,Công nghệ,1,3290000.0,3290000.0,Khách Hàng GearVN
2026-09-26 17:44:22,2026-09-26,17,5,9,GVN-26092617-175,5,"CPU Intel Core i5 14400F (Up to 4.7GHz, 10 Cores 16 Threads, 20MB Cache, LGA 1700)",5,Công nghệ,2,4890000.0,9780000.0,Khách Hàng GearVN
2026-09-26 18:44:22,2026-09-26,18,5,9,GVN-26092618-781,6,"CPU AMD Ryzen 7 7800X3D (Up to 5.0GHz, 8 Cores 16 Threads, 104MB Cache, AM5)",5,Công nghệ,1,10490000.0,10490000.0,Khách Hàng GearVN
2026-09-26 18:44:22,2026-09-26,18,5,9,GVN-26092618-894,2,Laptop Gaming Acer Nitro V 15 ANV15-51-57B2 (i5-13420H / RTX 4050 6GB / 16GB RAM / 512GB SSD / 15.6' FHD 144Hz),1,Công nghệ,2,20990000.0,41980000.0,Khách Hàng GearVN
2026-09-26 18:44:22,2026-09-26,18,5,9,GVN-26092618-182,8,"Mainboard MSI MAG B650 TOMAHAWK WIFI (Socket AM5, ATX, DDR5)",6,Công nghệ,2,5690000.0,11380000.0,Khách Hàng GearVN
2026-09-26 18:44:22,2026-09-26,18,5,9,GVN-26092618-306,11,Nguồn máy tính Corsair RM750e 750W 80 Plus Gold - Full Modular (ATX 3.0 / PCIe 5.0),9,Công nghệ,1,2690000.0,2690000.0,Khách Hàng GearVN
2026-09-26 19:44:22,2026-09-26,19,5,9,GVN-26092619-975,12,Màn hình Gaming ASUS TUF VG27AQ3A 27' 2K IPS 180Hz 1ms G-Sync,12,Công nghệ,1,5990000.0,5990000.0,Khách Hàng GearVN
2026-09-26 19:44:22,2026-09-26,19,5,9,GVN-26092619-590,14,Chuột Gaming không dây Logitech G Pro X Superlight 2 Wireless Black (HERO 2 Sensor / 60g / 32.000 DPI),14,Công nghệ,1,3290000.0,3290000.0,Khách Hàng GearVN
2026-09-26 19:44:22,2026-09-26,19,5,9,GVN-26092619-512,13,Bàn phím cơ không dây AKKO 5075B Plus Dracula Castle (Multi-modes / Gasket mount / Hot-swap),13,Công nghệ,2,1890000.0,3780000.0,Khách Hàng GearVN
2026-09-26 19:44:22,2026-09-26,19,5,9,GVN-26092619-147,8,"Mainboard MSI MAG B650 TOMAHAWK WIFI (Socket AM5, ATX, DDR5)",6,Công nghệ,1,5690000.0,5690000.0,Khách Hàng GearVN
2026-09-26 19:44:22,2026-09-26,19,5,9,GVN-26092619-893,13,Bàn phím cơ không dây AKKO 5075B Plus Dracula Castle (Multi-modes / Gasket mount / Hot-swap),13,Công nghệ,1,1890000.0,1890000.0,Khách Hàng GearVN
2026-09-26 20:44:22,2026-09-26,20,5,9,GVN-26092620-525,10,Card màn hình ASUS TUF Gaming GeForce RTX 4070 SUPER 12GB GDDR6X OC Edition,4,Công nghệ,1,18990000.0,18990000.0,Khách Hàng GearVN
2026-09-26 20:44:22,2026-09-26,20,5,9,GVN-26092620-170,10,Card màn hình ASUS TUF Gaming GeForce RTX 4070 SUPER 12GB GDDR6X OC Edition,4,Công nghệ,1,18990000.0,18990000.0,Khách Hàng GearVN
2026-09-26 20:44:22,2026-09-26,20,5,9,GVN-26092620-198,4,PC G-Studio Intel Core i5-14400F / RTX 4060 8GB / 16GB DDR5 / 500GB NVMe / Nguồn 650W,3,Công nghệ,1,19990000.0,19990000.0,Khách Hàng GearVN
2026-09-26 20:44:22,2026-09-26,20,5,9,GVN-26092620-293,10,Card màn hình ASUS TUF Gaming GeForce RTX 4070 SUPER 12GB GDDR6X OC Edition,4,Công nghệ,1,18990000.0,18990000.0,Khách Hàng GearVN
2026-09-26 20:44:22,2026-09-26,20,5,9,GVN-26092620-370,9,RAM Corsair Vengeance RGB 32GB (2x16GB) DDR5 6000MHz Black,7,Công nghệ,1,2990000.0,2990000.0,Khách Hàng GearVN
2026-09-26 20:44:22,2026-09-26,20,5,9,GVN-26092620-531,5,"CPU Intel Core i5 14400F (Up to 4.7GHz, 10 Cores 16 Threads, 20MB Cache, LGA 1700)",5,Công nghệ,2,4890000.0,9780000.0,Khách Hàng GearVN
2026-09-26 20:44:22,2026-09-26,20,5,9,GVN-26092620-859,5,"CPU Intel Core i5 14400F (Up to 4.7GHz, 10 Cores 16 Threads, 20MB Cache, LGA 1700)",5,Công nghệ,1,4890000.0,4890000.0,Khách Hàng GearVN
2026-09-26 21:44:22,2026-09-26,21,5,9,GVN-26092621-760,2,Laptop Gaming Acer Nitro V 15 ANV15-51-57B2 (i5-13420H / RTX 4050 6GB / 16GB RAM / 512GB SSD / 15.6' FHD 144Hz),1,Công nghệ,1,20990000.0,20990000.0,Khách Hàng GearVN
2026-09-26 21:44:22,2026-09-26,21,5,9,GVN-26092621-169,6,"CPU AMD Ryzen 7 7800X3D (Up to 5.0GHz, 8 Cores 16 Threads, 104MB Cache, AM5)",5,Công nghệ,1,10490000.0,10490000.0,Khách Hàng GearVN
2026-09-26 21:44:22,2026-09-26,21,5,9,GVN-26092621-758,8,"Mainboard MSI MAG B650 TOMAHAWK WIFI (Socket AM5, ATX, DDR5)",6,Công nghệ,1,5690000.0,5690000.0,Khách Hàng GearVN
2026-09-26 21:44:22,2026-09-26,21,5,9,GVN-26092621-871,4,PC G-Studio Intel Core i5-14400F / RTX 4060 8GB / 16GB DDR5 / 500GB NVMe / Nguồn 650W,3,Công nghệ,1,19990000.0,19990000.0,Khách Hàng GearVN
2026-09-26 21:44:22,2026-09-26,21,5,9,GVN-26092621-547,3,Laptop ASUS Zenbook 14 OLED UX3405MA (Intel Core Ultra 7 155H / Intel Arc Graphics / 32GB RAM / 1TB SSD / 14' 3K 120Hz OLED),2,Công nghệ,1,31990000.0,31990000.0,Khách Hàng GearVN
2026-09-26 22:44:22,2026-09-26,22,5,9,GVN-26092622-323,10,Card màn hình ASUS TUF Gaming GeForce RTX 4070 SUPER 12GB GDDR6X OC Edition,4,Công nghệ,1,18990000.0,18990000.0,Khách Hàng GearVN
2026-09-26 22:44:22,2026-09-26,22,5,9,GVN-26092622-787,12,Màn hình Gaming ASUS TUF VG27AQ3A 27' 2K IPS 180Hz 1ms G-Sync,12,Công nghệ,1,5990000.0,5990000.0,Khách Hàng GearVN
2026-09-26 22:44:22,2026-09-26,22,5,9,GVN-26092622-184,10,Card màn hình ASUS TUF Gaming GeForce RTX 4070 SUPER 12GB GDDR6X OC Edition,4,Công nghệ,1,18990000.0,18990000.0,Khách Hàng GearVN
2026-09-26 22:44:22,2026-09-26,22,5,9,GVN-26092622-749,12,Màn hình Gaming ASUS TUF VG27AQ3A 27' 2K IPS 180Hz 1ms G-Sync,12,Công nghệ,2,5990000.0,11980000.0,Khách Hàng GearVN
2026-09-26 22:44:22,2026-09-26,22,5,9,GVN-26092622-356,11,Nguồn máy tính Corsair RM750e 750W 80 Plus Gold - Full Modular (ATX 3.0 / PCIe 5.0),9,Công nghệ,1,2690000.0,2690000.0,Khách Hàng GearVN
2026-09-26 22:44:22,2026-09-26,22,5,9,GVN-26092622-215,3,Laptop ASUS Zenbook 14 OLED UX3405MA (Intel Core Ultra 7 155H / Intel Arc Graphics / 32GB RAM / 1TB SSD / 14' 3K 120Hz OLED),2,Công nghệ,2,31990000.0,63980000.0,Khách Hàng GearVN
2026-09-26 23:44:22,2026-09-26,23,5,9,GVN-26092623-150,10,Card màn hình ASUS TUF Gaming GeForce RTX 4070 SUPER 12GB GDDR6X OC Edition,4,Công nghệ,2,18990000.0,37980000.0,Khách Hàng GearVN
2026-09-27 00:44:22,2026-09-27,0,6,9,GVN-26092700-479,3,Laptop ASUS Zenbook 14 OLED UX3405MA (Intel Core Ultra 7 155H / Intel Arc Graphics / 32GB RAM / 1TB SSD / 14' 3K 120Hz OLED),2,Công nghệ,1,31990000.0,31990000.0,Khách Hàng GearVN
2026-09-27 00:44:22,2026-09-27,0,6,9,GVN-26092700-193,7,"Mainboard ASUS TUF GAMING B760-PLUS WIFI DDR5 (LGA 1700, ATX, PCIe 5.0)",6,Công nghệ,1,4390000.0,4390000.0,Khách Hàng GearVN
2026-09-27 01:44:22,2026-09-27,1,6,9,GVN-26092701-727,4,PC G-Studio Intel Core i5-14400F / RTX 4060 8GB / 16GB DDR5 / 500GB NVMe / Nguồn 650W,3,Công nghệ,1,19990000.0,19990000.0,Khách Hàng GearVN
2026-09-27 02:44:22,2026-09-27,2,6,9,GVN-26092702-840,14,Chuột Gaming không dây Logitech G Pro X Superlight 2 Wireless Black (HERO 2 Sensor / 60g / 32.000 DPI),14,Công nghệ,1,3290000.0,3290000.0,Khách Hàng GearVN
2026-09-27 02:44:22,2026-09-27,2,6,9,GVN-26092702-189,1,Laptop Gaming ASUS ROG Strix G16 G614JVR-N4011W (i9-14900HX / RTX 4080 12GB / 32GB RAM / 1TB SSD / 16' 2.5K 240Hz),1,Công nghệ,1,64990000.0,64990000.0,Khách Hàng GearVN
2026-09-27 03:44:22,2026-09-27,3,6,9,GVN-26092703-664,8,"Mainboard MSI MAG B650 TOMAHAWK WIFI (Socket AM5, ATX, DDR5)",6,Công nghệ,1,5690000.0,5690000.0,Khách Hàng GearVN
2026-09-27 03:44:22,2026-09-27,3,6,9,GVN-26092703-761,11,Nguồn máy tính Corsair RM750e 750W 80 Plus Gold - Full Modular (ATX 3.0 / PCIe 5.0),9,Công nghệ,1,2690000.0,2690000.0,Khách Hàng GearVN
2026-09-27 03:44:22,2026-09-27,3,6,9,GVN-26092703-373,6,"CPU AMD Ryzen 7 7800X3D (Up to 5.0GHz, 8 Cores 16 Threads, 104MB Cache, AM5)",5,Công nghệ,1,10490000.0,10490000.0,Khách Hàng GearVN
2026-09-27 03:44:22,2026-09-27,3,6,9,GVN-26092703-909,1,Laptop Gaming ASUS ROG Strix G16 G614JVR-N4011W (i9-14900HX / RTX 4080 12GB / 32GB RAM / 1TB SSD / 16' 2.5K 240Hz),1,Công nghệ,2,64990000.0,129980000.0,Khách Hàng GearVN
2026-09-27 04:44:22,2026-09-27,4,6,9,GVN-26092704-630,5,"CPU Intel Core i5 14400F (Up to 4.7GHz, 10 Cores 16 Threads, 20MB Cache, LGA 1700)",5,Công nghệ,1,4890000.0,4890000.0,Khách Hàng GearVN
2026-09-27 04:44:22,2026-09-27,4,6,9,GVN-26092704-104,8,"Mainboard MSI MAG B650 TOMAHAWK WIFI (Socket AM5, ATX, DDR5)",6,Công nghệ,1,5690000.0,5690000.0,Khách Hàng GearVN
2026-09-27 05:44:22,2026-09-27,5,6,9,GVN-26092705-441,7,"Mainboard ASUS TUF GAMING B760-PLUS WIFI DDR5 (LGA 1700, ATX, PCIe 5.0)",6,Công nghệ,1,4390000.0,4390000.0,Khách Hàng GearVN
2026-09-27 05:44:22,2026-09-27,5,6,9,GVN-26092705-401,11,Nguồn máy tính Corsair RM750e 750W 80 Plus Gold - Full Modular (ATX 3.0 / PCIe 5.0),9,Công nghệ,1,2690000.0,2690000.0,Khách Hàng GearVN
2026-09-27 05:44:22,2026-09-27,5,6,9,GVN-26092705-740,13,Bàn phím cơ không dây AKKO 5075B Plus Dracula Castle (Multi-modes / Gasket mount / Hot-swap),13,Công nghệ,1,1890000.0,1890000.0,Khách Hàng GearVN
2026-09-27 05:44:22,2026-09-27,5,6,9,GVN-26092705-414,6,"CPU AMD Ryzen 7 7800X3D (Up to 5.0GHz, 8 Cores 16 Threads, 104MB Cache, AM5)",5,Công nghệ,1,10490000.0,10490000.0,Khách Hàng GearVN
2026-09-27 06:44:22,2026-09-27,6,6,9,GVN-26092706-924,4,PC G-Studio Intel Core i5-14400F / RTX 4060 8GB / 16GB DDR5 / 500GB NVMe / Nguồn 650W,3,Công nghệ,1,19990000.0,19990000.0,Khách Hàng GearVN
2026-09-27 06:44:22,2026-09-27,6,6,9,GVN-26092706-289,5,"CPU Intel Core i5 14400F (Up to 4.7GHz, 10 Cores 16 Threads, 20MB Cache, LGA 1700)",5,Công nghệ,2,4890000.0,9780000.0,Khách Hàng GearVN
2026-09-27 06:44:22,2026-09-27,6,6,9,GVN-26092706-904,8,"Mainboard MSI MAG B650 TOMAHAWK WIFI (Socket AM5, ATX, DDR5)",6,Công nghệ,1,5690000.0,5690000.0,Khách Hàng GearVN
2026-09-27 06:44:22,2026-09-27,6,6,9,GVN-26092706-342,6,"CPU AMD Ryzen 7 7800X3D (Up to 5.0GHz, 8 Cores 16 Threads, 104MB Cache, AM5)",5,Công nghệ,2,10490000.0,20980000.0,Khách Hàng GearVN
2026-09-27 07:44:22,2026-09-27,7,6,9,GVN-26092707-300,2,Laptop Gaming Acer Nitro V 15 ANV15-51-57B2 (i5-13420H / RTX 4050 6GB / 16GB RAM / 512GB SSD / 15.6' FHD 144Hz),1,Công nghệ,1,20990000.0,20990000.0,Khách Hàng GearVN
2026-09-27 07:44:22,2026-09-27,7,6,9,GVN-26092707-947,7,"Mainboard ASUS TUF GAMING B760-PLUS WIFI DDR5 (LGA 1700, ATX, PCIe 5.0)",6,Công nghệ,1,4390000.0,4390000.0,Khách Hàng GearVN
2026-09-27 07:44:22,2026-09-27,7,6,9,GVN-26092707-879,2,Laptop Gaming Acer Nitro V 15 ANV15-51-57B2 (i5-13420H / RTX 4050 6GB / 16GB RAM / 512GB SSD / 15.6' FHD 144Hz),1,Công nghệ,1,20990000.0,20990000.0,Khách Hàng GearVN
2026-09-27 08:44:22,2026-09-27,8,6,9,GVN-26092708-908,14,Chuột Gaming không dây Logitech G Pro X Superlight 2 Wireless Black (HERO 2 Sensor / 60g / 32.000 DPI),14,Công nghệ,1,3290000.0,3290000.0,Khách Hàng GearVN
2026-09-27 09:44:22,2026-09-27,9,6,9,GVN-26092709-849,6,"CPU AMD Ryzen 7 7800X3D (Up to 5.0GHz, 8 Cores 16 Threads, 104MB Cache, AM5)",5,Công nghệ,1,10490000.0,10490000.0,Khách Hàng GearVN
2026-09-27 09:44:22,2026-09-27,9,6,9,GVN-26092709-826,3,Laptop ASUS Zenbook 14 OLED UX3405MA (Intel Core Ultra 7 155H / Intel Arc Graphics / 32GB RAM / 1TB SSD / 14' 3K 120Hz OLED),2,Công nghệ,1,31990000.0,31990000.0,Khách Hàng GearVN
2026-09-27 10:44:22,2026-09-27,10,6,9,GVN-26092710-672,12,Màn hình Gaming ASUS TUF VG27AQ3A 27' 2K IPS 180Hz 1ms G-Sync,12,Công nghệ,1,5990000.0,5990000.0,Khách Hàng GearVN
2026-09-27 10:44:22,2026-09-27,10,6,9,GVN-26092710-564,10,Card màn hình ASUS TUF Gaming GeForce RTX 4070 SUPER 12GB GDDR6X OC Edition,4,Công nghệ,1,18990000.0,18990000.0,Khách Hàng GearVN
2026-09-27 10:44:22,2026-09-27,10,6,9,GVN-26092710-972,8,"Mainboard MSI MAG B650 TOMAHAWK WIFI (Socket AM5, ATX, DDR5)",6,Công nghệ,1,5690000.0,5690000.0,Khách Hàng GearVN
2026-09-27 10:44:22,2026-09-27,10,6,9,GVN-26092710-317,5,"CPU Intel Core i5 14400F (Up to 4.7GHz, 10 Cores 16 Threads, 20MB Cache, LGA 1700)",5,Công nghệ,2,4890000.0,9780000.0,Khách Hàng GearVN
2026-09-27 10:44:22,2026-09-27,10,6,9,GVN-26092710-498,9,RAM Corsair Vengeance RGB 32GB (2x16GB) DDR5 6000MHz Black,7,Công nghệ,1,2990000.0,2990000.0,Khách Hàng GearVN
2026-09-27 10:44:22,2026-09-27,10,6,9,GVN-26092710-267,2,Laptop Gaming Acer Nitro V 15 ANV15-51-57B2 (i5-13420H / RTX 4050 6GB / 16GB RAM / 512GB SSD / 15.6' FHD 144Hz),1,Công nghệ,1,20990000.0,20990000.0,Khách Hàng GearVN
2026-09-27 10:44:22,2026-09-27,10,6,9,GVN-26092710-605,3,Laptop ASUS Zenbook 14 OLED UX3405MA (Intel Core Ultra 7 155H / Intel Arc Graphics / 32GB RAM / 1TB SSD / 14' 3K 120Hz OLED),2,Công nghệ,1,31990000.0,31990000.0,Khách Hàng GearVN
2026-09-27 10:44:22,2026-09-27,10,6,9,GVN-26092710-642,11,Nguồn máy tính Corsair RM750e 750W 80 Plus Gold - Full Modular (ATX 3.0 / PCIe 5.0),9,Công nghệ,1,2690000.0,2690000.0,Khách Hàng GearVN
2026-09-27 10:44:22,2026-09-27,10,6,9,GVN-26092710-319,11,Nguồn máy tính Corsair RM750e 750W 80 Plus Gold - Full Modular (ATX 3.0 / PCIe 5.0),9,Công nghệ,2,2690000.0,5380000.0,Khách Hàng GearVN
2026-09-27 10:44:22,2026-09-27,10,6,9,GVN-26092710-732,5,"CPU Intel Core i5 14400F (Up to 4.7GHz, 10 Cores 16 Threads, 20MB Cache, LGA 1700)",5,Công nghệ,1,4890000.0,4890000.0,Khách Hàng GearVN
2026-09-27 10:44:22,2026-09-27,10,6,9,GVN-26092710-244,1,Laptop Gaming ASUS ROG Strix G16 G614JVR-N4011W (i9-14900HX / RTX 4080 12GB / 32GB RAM / 1TB SSD / 16' 2.5K 240Hz),1,Công nghệ,1,64990000.0,64990000.0,Khách Hàng GearVN
2026-09-27 10:44:22,2026-09-27,10,6,9,GVN-26092710-286,4,PC G-Studio Intel Core i5-14400F / RTX 4060 8GB / 16GB DDR5 / 500GB NVMe / Nguồn 650W,3,Công nghệ,1,19990000.0,19990000.0,Khách Hàng GearVN
2026-09-27 11:44:22,2026-09-27,11,6,9,GVN-26092711-757,4,PC G-Studio Intel Core i5-14400F / RTX 4060 8GB / 16GB DDR5 / 500GB NVMe / Nguồn 650W,3,Công nghệ,1,19990000.0,19990000.0,Khách Hàng GearVN
2026-09-27 11:44:22,2026-09-27,11,6,9,GVN-26092711-797,1,Laptop Gaming ASUS ROG Strix G16 G614JVR-N4011W (i9-14900HX / RTX 4080 12GB / 32GB RAM / 1TB SSD / 16' 2.5K 240Hz),1,Công nghệ,2,64990000.0,129980000.0,Khách Hàng GearVN
2026-09-27 11:44:22,2026-09-27,11,6,9,GVN-26092711-700,8,"Mainboard MSI MAG B650 TOMAHAWK WIFI (Socket AM5, ATX, DDR5)",6,Công nghệ,1,5690000.0,5690000.0,Khách Hàng GearVN
2026-09-27 11:44:22,2026-09-27,11,6,9,GVN-26092711-325,5,"CPU Intel Core i5 14400F (Up to 4.7GHz, 10 Cores 16 Threads, 20MB Cache, LGA 1700)",5,Công nghệ,1,4890000.0,4890000.0,Khách Hàng GearVN
2026-09-27 11:44:22,2026-09-27,11,6,9,GVN-26092711-724,13,Bàn phím cơ không dây AKKO 5075B Plus Dracula Castle (Multi-modes / Gasket mount / Hot-swap),13,Công nghệ,2,1890000.0,3780000.0,Khách Hàng GearVN
2026-09-27 11:44:22,2026-09-27,11,6,9,GVN-26092711-850,12,Màn hình Gaming ASUS TUF VG27AQ3A 27' 2K IPS 180Hz 1ms G-Sync,12,Công nghệ,1,5990000.0,5990000.0,Khách Hàng GearVN
2026-09-27 11:44:22,2026-09-27,11,6,9,GVN-26092711-820,1,Laptop Gaming ASUS ROG Strix G16 G614JVR-N4011W (i9-14900HX / RTX 4080 12GB / 32GB RAM / 1TB SSD / 16' 2.5K 240Hz),1,Công nghệ,1,64990000.0,64990000.0,Khách Hàng GearVN
2026-09-27 11:44:22,2026-09-27,11,6,9,GVN-26092711-716,4,PC G-Studio Intel Core i5-14400F / RTX 4060 8GB / 16GB DDR5 / 500GB NVMe / Nguồn 650W,3,Công nghệ,1,19990000.0,19990000.0,Khách Hàng GearVN
2026-09-27 11:44:22,2026-09-27,11,6,9,GVN-26092711-428,10,Card màn hình ASUS TUF Gaming GeForce RTX 4070 SUPER 12GB GDDR6X OC Edition,4,Công nghệ,1,18990000.0,18990000.0,Khách Hàng GearVN
2026-09-27 11:44:22,2026-09-27,11,6,9,GVN-26092711-570,6,"CPU AMD Ryzen 7 7800X3D (Up to 5.0GHz, 8 Cores 16 Threads, 104MB Cache, AM5)",5,Công nghệ,1,10490000.0,10490000.0,Khách Hàng GearVN
2026-09-27 12:44:22,2026-09-27,12,6,9,GVN-26092712-717,13,Bàn phím cơ không dây AKKO 5075B Plus Dracula Castle (Multi-modes / Gasket mount / Hot-swap),13,Công nghệ,1,1890000.0,1890000.0,Khách Hàng GearVN
2026-09-27 12:44:22,2026-09-27,12,6,9,GVN-26092712-592,4,PC G-Studio Intel Core i5-14400F / RTX 4060 8GB / 16GB DDR5 / 500GB NVMe / Nguồn 650W,3,Công nghệ,2,19990000.0,39980000.0,Khách Hàng GearVN
2026-09-27 12:44:22,2026-09-27,12,6,9,GVN-26092712-758,9,RAM Corsair Vengeance RGB 32GB (2x16GB) DDR5 6000MHz Black,7,Công nghệ,1,2990000.0,2990000.0,Khách Hàng GearVN
2026-09-27 12:44:22,2026-09-27,12,6,9,GVN-26092712-345,4,PC G-Studio Intel Core i5-14400F / RTX 4060 8GB / 16GB DDR5 / 500GB NVMe / Nguồn 650W,3,Công nghệ,1,19990000.0,19990000.0,Khách Hàng GearVN
2026-09-27 12:44:22,2026-09-27,12,6,9,GVN-26092712-927,6,"CPU AMD Ryzen 7 7800X3D (Up to 5.0GHz, 8 Cores 16 Threads, 104MB Cache, AM5)",5,Công nghệ,1,10490000.0,10490000.0,Khách Hàng GearVN
2026-09-27 12:44:22,2026-09-27,12,6,9,GVN-26092712-312,1,Laptop Gaming ASUS ROG Strix G16 G614JVR-N4011W (i9-14900HX / RTX 4080 12GB / 32GB RAM / 1TB SSD / 16' 2.5K 240Hz),1,Công nghệ,2,64990000.0,129980000.0,Khách Hàng GearVN
2026-09-27 12:44:22,2026-09-27,12,6,9,GVN-26092712-241,4,PC G-Studio Intel Core i5-14400F / RTX 4060 8GB / 16GB DDR5 / 500GB NVMe / Nguồn 650W,3,Công nghệ,1,19990000.0,19990000.0,Khách Hàng GearVN
2026-09-27 12:44:22,2026-09-27,12,6,9,GVN-26092712-901,6,"CPU AMD Ryzen 7 7800X3D (Up to 5.0GHz, 8 Cores 16 Threads, 104MB Cache, AM5)",5,Công nghệ,2,10490000.0,20980000.0,Khách Hàng GearVN
2026-09-27 12:44:22,2026-09-27,12,6,9,GVN-26092712-849,10,Card màn hình ASUS TUF Gaming GeForce RTX 4070 SUPER 12GB GDDR6X OC Edition,4,Công nghệ,1,18990000.0,18990000.0,Khách Hàng GearVN
2026-09-27 13:44:22,2026-09-27,13,6,9,GVN-26092713-837,12,Màn hình Gaming ASUS TUF VG27AQ3A 27' 2K IPS 180Hz 1ms G-Sync,12,Công nghệ,2,5990000.0,11980000.0,Khách Hàng GearVN
2026-09-27 13:44:22,2026-09-27,13,6,9,GVN-26092713-832,14,Chuột Gaming không dây Logitech G Pro X Superlight 2 Wireless Black (HERO 2 Sensor / 60g / 32.000 DPI),14,Công nghệ,1,3290000.0,3290000.0,Khách Hàng GearVN
2026-09-27 13:44:22,2026-09-27,13,6,9,GVN-26092713-869,8,"Mainboard MSI MAG B650 TOMAHAWK WIFI (Socket AM5, ATX, DDR5)",6,Công nghệ,1,5690000.0,5690000.0,Khách Hàng GearVN
2026-09-27 14:44:22,2026-09-27,14,6,9,GVN-26092714-535,13,Bàn phím cơ không dây AKKO 5075B Plus Dracula Castle (Multi-modes / Gasket mount / Hot-swap),13,Công nghệ,2,1890000.0,3780000.0,Khách Hàng GearVN
2026-09-27 14:44:22,2026-09-27,14,6,9,GVN-26092714-533,7,"Mainboard ASUS TUF GAMING B760-PLUS WIFI DDR5 (LGA 1700, ATX, PCIe 5.0)",6,Công nghệ,1,4390000.0,4390000.0,Khách Hàng GearVN
2026-09-27 15:44:22,2026-09-27,15,6,9,GVN-26092715-832,11,Nguồn máy tính Corsair RM750e 750W 80 Plus Gold - Full Modular (ATX 3.0 / PCIe 5.0),9,Công nghệ,1,2690000.0,2690000.0,Khách Hàng GearVN
2026-09-27 15:44:22,2026-09-27,15,6,9,GVN-26092715-168,6,"CPU AMD Ryzen 7 7800X3D (Up to 5.0GHz, 8 Cores 16 Threads, 104MB Cache, AM5)",5,Công nghệ,2,10490000.0,20980000.0,Khách Hàng GearVN
2026-09-27 16:44:22,2026-09-27,16,6,9,GVN-26092716-887,4,PC G-Studio Intel Core i5-14400F / RTX 4060 8GB / 16GB DDR5 / 500GB NVMe / Nguồn 650W,3,Công nghệ,1,19990000.0,19990000.0,Khách Hàng GearVN
2026-09-27 16:44:22,2026-09-27,16,6,9,GVN-26092716-485,5,"CPU Intel Core i5 14400F (Up to 4.7GHz, 10 Cores 16 Threads, 20MB Cache, LGA 1700)",5,Công nghệ,2,4890000.0,9780000.0,Khách Hàng GearVN
2026-09-27 16:44:22,2026-09-27,16,6,9,GVN-26092716-539,10,Card màn hình ASUS TUF Gaming GeForce RTX 4070 SUPER 12GB GDDR6X OC Edition,4,Công nghệ,1,18990000.0,18990000.0,Khách Hàng GearVN
2026-09-27 16:44:22,2026-09-27,16,6,9,GVN-26092716-905,10,Card màn hình ASUS TUF Gaming GeForce RTX 4070 SUPER 12GB GDDR6X OC Edition,4,Công nghệ,2,18990000.0,37980000.0,Khách Hàng GearVN
2026-09-27 17:44:22,2026-09-27,17,6,9,GVN-26092717-846,3,Laptop ASUS Zenbook 14 OLED UX3405MA (Intel Core Ultra 7 155H / Intel Arc Graphics / 32GB RAM / 1TB SSD / 14' 3K 120Hz OLED),2,Công nghệ,1,31990000.0,31990000.0,Khách Hàng GearVN
2026-09-27 17:44:22,2026-09-27,17,6,9,GVN-26092717-734,9,RAM Corsair Vengeance RGB 32GB (2x16GB) DDR5 6000MHz Black,7,Công nghệ,1,2990000.0,2990000.0,Khách Hàng GearVN
2026-09-27 18:44:22,2026-09-27,18,6,9,GVN-26092718-371,2,Laptop Gaming Acer Nitro V 15 ANV15-51-57B2 (i5-13420H / RTX 4050 6GB / 16GB RAM / 512GB SSD / 15.6' FHD 144Hz),1,Công nghệ,1,20990000.0,20990000.0,Khách Hàng GearVN
2026-09-27 18:44:22,2026-09-27,18,6,9,GVN-26092718-232,1,Laptop Gaming ASUS ROG Strix G16 G614JVR-N4011W (i9-14900HX / RTX 4080 12GB / 32GB RAM / 1TB SSD / 16' 2.5K 240Hz),1,Công nghệ,1,64990000.0,64990000.0,Khách Hàng GearVN
2026-09-27 18:44:22,2026-09-27,18,6,9,GVN-26092718-585,5,"CPU Intel Core i5 14400F (Up to 4.7GHz, 10 Cores 16 Threads, 20MB Cache, LGA 1700)",5,Công nghệ,2,4890000.0,9780000.0,Khách Hàng GearVN
2026-09-27 19:44:22,2026-09-27,19,6,9,GVN-26092719-408,14,Chuột Gaming không dây Logitech G Pro X Superlight 2 Wireless Black (HERO 2 Sensor / 60g / 32.000 DPI),14,Công nghệ,2,3290000.0,6580000.0,Khách Hàng GearVN
2026-09-27 19:44:22,2026-09-27,19,6,9,GVN-26092719-444,5,"CPU Intel Core i5 14400F (Up to 4.7GHz, 10 Cores 16 Threads, 20MB Cache, LGA 1700)",5,Công nghệ,1,4890000.0,4890000.0,Khách Hàng GearVN
2026-09-27 19:44:22,2026-09-27,19,6,9,GVN-26092719-649,11,Nguồn máy tính Corsair RM750e 750W 80 Plus Gold - Full Modular (ATX 3.0 / PCIe 5.0),9,Công nghệ,1,2690000.0,2690000.0,Khách Hàng GearVN
2026-09-27 19:44:22,2026-09-27,19,6,9,GVN-26092719-520,9,RAM Corsair Vengeance RGB 32GB (2x16GB) DDR5 6000MHz Black,7,Công nghệ,2,2990000.0,5980000.0,Khách Hàng GearVN
2026-09-27 19:44:22,2026-09-27,19,6,9,GVN-26092719-671,9,RAM Corsair Vengeance RGB 32GB (2x16GB) DDR5 6000MHz Black,7,Công nghệ,1,2990000.0,2990000.0,Khách Hàng GearVN
2026-09-27 19:44:22,2026-09-27,19,6,9,GVN-26092719-614,1,Laptop Gaming ASUS ROG Strix G16 G614JVR-N4011W (i9-14900HX / RTX 4080 12GB / 32GB RAM / 1TB SSD / 16' 2.5K 240Hz),1,Công nghệ,1,64990000.0,64990000.0,Khách Hàng GearVN
2026-09-27 19:44:22,2026-09-27,19,6,9,GVN-26092719-289,5,"CPU Intel Core i5 14400F (Up to 4.7GHz, 10 Cores 16 Threads, 20MB Cache, LGA 1700)",5,Công nghệ,1,4890000.0,4890000.0,Khách Hàng GearVN
2026-09-27 20:44:22,2026-09-27,20,6,9,GVN-26092720-944,10,Card màn hình ASUS TUF Gaming GeForce RTX 4070 SUPER 12GB GDDR6X OC Edition,4,Công nghệ,2,18990000.0,37980000.0,Khách Hàng GearVN
2026-09-27 20:44:22,2026-09-27,20,6,9,GVN-26092720-600,9,RAM Corsair Vengeance RGB 32GB (2x16GB) DDR5 6000MHz Black,7,Công nghệ,2,2990000.0,5980000.0,Khách Hàng GearVN
2026-09-27 20:44:22,2026-09-27,20,6,9,GVN-26092720-601,11,Nguồn máy tính Corsair RM750e 750W 80 Plus Gold - Full Modular (ATX 3.0 / PCIe 5.0),9,Công nghệ,2,2690000.0,5380000.0,Khách Hàng GearVN
2026-09-27 20:44:22,2026-09-27,20,6,9,GVN-26092720-662,6,"CPU AMD Ryzen 7 7800X3D (Up to 5.0GHz, 8 Cores 16 Threads, 104MB Cache, AM5)",5,Công nghệ,1,10490000.0,10490000.0,Khách Hàng GearVN
2026-09-27 20:44:22,2026-09-27,20,6,9,GVN-26092720-332,4,PC G-Studio Intel Core i5-14400F / RTX 4060 8GB / 16GB DDR5 / 500GB NVMe / Nguồn 650W,3,Công nghệ,1,19990000.0,19990000.0,Khách Hàng GearVN
2026-09-27 20:44:22,2026-09-27,20,6,9,GVN-26092720-236,3,Laptop ASUS Zenbook 14 OLED UX3405MA (Intel Core Ultra 7 155H / Intel Arc Graphics / 32GB RAM / 1TB SSD / 14' 3K 120Hz OLED),2,Công nghệ,2,31990000.0,63980000.0,Khách Hàng GearVN
2026-09-27 20:44:22,2026-09-27,20,6,9,GVN-26092720-156,2,Laptop Gaming Acer Nitro V 15 ANV15-51-57B2 (i5-13420H / RTX 4050 6GB / 16GB RAM / 512GB SSD / 15.6' FHD 144Hz),1,Công nghệ,1,20990000.0,20990000.0,Khách Hàng GearVN
2026-09-27 20:44:22,2026-09-27,20,6,9,GVN-26092720-441,9,RAM Corsair Vengeance RGB 32GB (2x16GB) DDR5 6000MHz Black,7,Công nghệ,1,2990000.0,2990000.0,Khách Hàng GearVN
2026-09-27 21:44:22,2026-09-27,21,6,9,GVN-26092721-846,7,"Mainboard ASUS TUF GAMING B760-PLUS WIFI DDR5 (LGA 1700, ATX, PCIe 5.0)",6,Công nghệ,1,4390000.0,4390000.0,Khách Hàng GearVN
2026-09-27 21:44:22,2026-09-27,21,6,9,GVN-26092721-538,11,Nguồn máy tính Corsair RM750e 750W 80 Plus Gold - Full Modular (ATX 3.0 / PCIe 5.0),9,Công nghệ,1,2690000.0,2690000.0,Khách Hàng GearVN
2026-09-27 21:44:22,2026-09-27,21,6,9,GVN-26092721-428,13,Bàn phím cơ không dây AKKO 5075B Plus Dracula Castle (Multi-modes / Gasket mount / Hot-swap),13,Công nghệ,1,1890000.0,1890000.0,Khách Hàng GearVN
2026-09-27 22:44:22,2026-09-27,22,6,9,GVN-26092722-517,2,Laptop Gaming Acer Nitro V 15 ANV15-51-57B2 (i5-13420H / RTX 4050 6GB / 16GB RAM / 512GB SSD / 15.6' FHD 144Hz),1,Công nghệ,2,20990000.0,41980000.0,Khách Hàng GearVN
2026-09-27 22:44:22,2026-09-27,22,6,9,GVN-26092722-397,2,Laptop Gaming Acer Nitro V 15 ANV15-51-57B2 (i5-13420H / RTX 4050 6GB / 16GB RAM / 512GB SSD / 15.6' FHD 144Hz),1,Công nghệ,1,20990000.0,20990000.0,Khách Hàng GearVN
2026-09-27 22:44:22,2026-09-27,22,6,9,GVN-26092722-675,6,"CPU AMD Ryzen 7 7800X3D (Up to 5.0GHz, 8 Cores 16 Threads, 104MB Cache, AM5)",5,Công nghệ,2,10490000.0,20980000.0,Khách Hàng GearVN
2026-09-27 22:44:22,2026-09-27,22,6,9,GVN-26092722-574,9,RAM Corsair Vengeance RGB 32GB (2x16GB) DDR5 6000MHz Black,7,Công nghệ,2,2990000.0,5980000.0,Khách Hàng GearVN
2026-09-27 22:44:22,2026-09-27,22,6,9,GVN-26092722-414,1,Laptop Gaming ASUS ROG Strix G16 G614JVR-N4011W (i9-14900HX / RTX 4080 12GB / 32GB RAM / 1TB SSD / 16' 2.5K 240Hz),1,Công nghệ,1,64990000.0,64990000.0,Khách Hàng GearVN
2026-09-27 22:44:22,2026-09-27,22,6,9,GVN-26092722-471,3,Laptop ASUS Zenbook 14 OLED UX3405MA (Intel Core Ultra 7 155H / Intel Arc Graphics / 32GB RAM / 1TB SSD / 14' 3K 120Hz OLED),2,Công nghệ,1,31990000.0,31990000.0,Khách Hàng GearVN
2026-09-27 22:44:22,2026-09-27,22,6,9,GVN-26092722-541,13,Bàn phím cơ không dây AKKO 5075B Plus Dracula Castle (Multi-modes / Gasket mount / Hot-swap),13,Công nghệ,1,1890000.0,1890000.0,Khách Hàng GearVN
2026-09-27 22:44:22,2026-09-27,22,6,9,GVN-26092722-675,3,Laptop ASUS Zenbook 14 OLED UX3405MA (Intel Core Ultra 7 155H / Intel Arc Graphics / 32GB RAM / 1TB SSD / 14' 3K 120Hz OLED),2,Công nghệ,1,31990000.0,31990000.0,Khách Hàng GearVN
2026-09-27 23:44:22,2026-09-27,23,6,9,GVN-26092723-883,5,"CPU Intel Core i5 14400F (Up to 4.7GHz, 10 Cores 16 Threads, 20MB Cache, LGA 1700)",5,Công nghệ,1,4890000.0,4890000.0,Khách Hàng GearVN
2026-09-27 23:44:22,2026-09-27,23,6,9,GVN-26092723-180,5,"CPU Intel Core i5 14400F (Up to 4.7GHz, 10 Cores 16 Threads, 20MB Cache, LGA 1700)",5,Công nghệ,1,4890000.0,4890000.0,Khách Hàng GearVN
2026-09-27 23:44:22,2026-09-27,23,6,9,GVN-26092723-585,2,Laptop Gaming Acer Nitro V 15 ANV15-51-57B2 (i5-13420H / RTX 4050 6GB / 16GB RAM / 512GB SSD / 15.6' FHD 144Hz),1,Công nghệ,2,20990000.0,41980000.0,Khách Hàng GearVN
2026-09-28 00:44:22,2026-09-28,0,0,9,GVN-26092800-123,8,"Mainboard MSI MAG B650 TOMAHAWK WIFI (Socket AM5, ATX, DDR5)",6,Công nghệ,1,5690000.0,5690000.0,Khách Hàng GearVN
2026-09-28 01:44:22,2026-09-28,1,0,9,GVN-26092801-198,6,"CPU AMD Ryzen 7 7800X3D (Up to 5.0GHz, 8 Cores 16 Threads, 104MB Cache, AM5)",5,Công nghệ,1,10490000.0,10490000.0,Khách Hàng GearVN
2026-09-28 01:44:22,2026-09-28,1,0,9,GVN-26092801-603,6,"CPU AMD Ryzen 7 7800X3D (Up to 5.0GHz, 8 Cores 16 Threads, 104MB Cache, AM5)",5,Công nghệ,1,10490000.0,10490000.0,Khách Hàng GearVN
2026-09-28 01:44:22,2026-09-28,1,0,9,GVN-26092801-330,12,Màn hình Gaming ASUS TUF VG27AQ3A 27' 2K IPS 180Hz 1ms G-Sync,12,Công nghệ,1,5990000.0,5990000.0,Khách Hàng GearVN
2026-09-28 01:44:22,2026-09-28,1,0,9,GVN-26092801-911,10,Card màn hình ASUS TUF Gaming GeForce RTX 4070 SUPER 12GB GDDR6X OC Edition,4,Công nghệ,1,18990000.0,18990000.0,Khách Hàng GearVN
2026-09-28 02:44:22,2026-09-28,2,0,9,GVN-26092802-612,12,Màn hình Gaming ASUS TUF VG27AQ3A 27' 2K IPS 180Hz 1ms G-Sync,12,Công nghệ,1,5990000.0,5990000.0,Khách Hàng GearVN
2026-09-30 04:59:50,2026-09-30,4,2,9,GVN-2609300459-237,1,Laptop Gaming ASUS ROG Strix G16 G614JVR-N4011W (i9-14900HX / RTX 4080 12GB / 32GB RAM / 1TB SSD / 16' 2.5K 240Hz),1,Laptop Gaming,1,64990000.0,64990000.0,Nguyễn Văn Mua Hàng
2026-09-30 05:05:33,2026-09-30,5,2,9,GVN-2609300505-449,1,Laptop Gaming ASUS ROG Strix G16 G614JVR-N4011W (i9-14900HX / RTX 4080 12GB / 32GB RAM / 1TB SSD / 16' 2.5K 240Hz),1,Laptop Gaming,1,64990000.0,64990000.0,Nguyễn Văn Mua Hàng
2026-09-30 05:07:05,2026-09-30,5,2,9,GVN-2609300507-320,1,Laptop Gaming ASUS ROG Strix G16 G614JVR-N4011W (i9-14900HX / RTX 4080 12GB / 32GB RAM / 1TB SSD / 16' 2.5K 240Hz),1,Laptop Gaming,1,64990000.0,64990000.0,Nguyễn Văn Mua Hàng
2026-09-30 05:08:09,2026-09-30,5,2,9,GVN-2609300508-159,1,Laptop Gaming ASUS ROG Strix G16 G614JVR-N4011W (i9-14900HX / RTX 4080 12GB / 32GB RAM / 1TB SSD / 16' 2.5K 240Hz),1,Laptop Gaming,1,64990000.0,64990000.0,Nguyễn Văn Mua Hàng
2026-09-30 06:49:46,2026-09-30,6,2,9,GVN-2609300649-500,1,Laptop Gaming ASUS ROG Strix G16 G614JVR-N4011W (i9-14900HX / RTX 4080 12GB / 32GB RAM / 1TB SSD / 16' 2.5K 240Hz),1,Laptop Gaming,1,64990000.0,64990000.0,Nguyễn Văn Mua Hàng
2026-09-30 07:03:24,2026-09-30,7,2,9,GVN-2609300703-890,1,Laptop Gaming ASUS ROG Strix G16 G614JVR-N4011W (i9-14900HX / RTX 4080 12GB / 32GB RAM / 1TB SSD / 16' 2.5K 240Hz),1,Laptop Gaming,1,64990000.0,64990000.0,Nguyễn Văn Mua Hàng
2026-09-30 07:25:09,2026-09-30,7,2,9,GVN-2609300725-642,1,Laptop Gaming ASUS ROG Strix G16 G614JVR-N4011W (i9-14900HX / RTX 4080 12GB / 32GB RAM / 1TB SSD / 16' 2.5K 240Hz),1,Laptop Gaming,1,64990000.0,64990000.0,Nguyễn Văn Mua Hàng
2026-09-30 08:45:49,2026-09-30,8,2,9,GVN-2609300845-568,1,Laptop Gaming ASUS ROG Strix G16 G614JVR-N4011W (i9-14900HX / RTX 4080 12GB / 32GB RAM / 1TB SSD / 16' 2.5K 240Hz),1,Laptop Gaming,1,64990000.0,64990000.0,Nguyễn Văn Mua Hàng
2026-09-30 08:53:12,2026-09-30,8,2,9,GVN-2609300853-175,1,Laptop Gaming ASUS ROG Strix G16 G614JVR-N4011W (i9-14900HX / RTX 4080 12GB / 32GB RAM / 1TB SSD / 16' 2.5K 240Hz),1,Laptop Gaming,1,64990000.0,64990000.0,Nguyễn Văn Mua Hàng
